Contract No,Delivery Date,Storage Start Date,Source Workbook,Date normalization
SCN 7314,2026-01-05,2026-01-05,SBM Purchases.xlsx,DD/MM/YYYY; numeric Excel dates normalized from displayed M/D/YY to intended D/M/YY
SCN 7315,2026-01-05,2026-01-05,SBM Purchases.xlsx,DD/MM/YYYY; numeric Excel dates normalized from displayed M/D/YY to intended D/M/YY
SCN 7310,2026-01-05,2026-01-05,SBM Purchases.xlsx,DD/MM/YYYY; numeric Excel dates normalized from displayed M/D/YY to intended D/M/YY
SCN 7311,2026-01-05,2026-01-05,SBM Purchases.xlsx,DD/MM/YYYY; numeric Excel dates normalized from displayed M/D/YY to intended D/M/YY
SCN 7383,2026-01-20,2026-01-20,SBM Purchases.xlsx,DD/MM/YYYY; numeric Excel dates normalized from displayed M/D/YY to intended D/M/YY
SCN 7384,2026-01-21,2026-01-21,SBM Purchases.xlsx,DD/MM/YYYY; numeric Excel dates normalized from displayed M/D/YY to intended D/M/YY
SCN 7381,2026-01-15,2026-01-15,SBM Purchases.xlsx,DD/MM/YYYY; numeric Excel dates normalized from displayed M/D/YY to intended D/M/YY
SCN 7382,2026-01-19,2026-01-19,SBM Purchases.xlsx,DD/MM/YYYY; numeric Excel dates normalized from displayed M/D/YY to intended D/M/YY
SCN 7379,2026-01-11,2026-01-11,SBM Purchases.xlsx,DD/MM/YYYY; numeric Excel dates normalized from displayed M/D/YY to intended D/M/YY
SCN 7380,2026-01-12,2026-01-12,SBM Purchases.xlsx,DD/MM/YYYY; numeric Excel dates normalized from displayed M/D/YY to intended D/M/YY
SCN 7414,2026-01-25,2026-01-25,SBM Purchases.xlsx,DD/MM/YYYY; numeric Excel dates normalized from displayed M/D/YY to intended D/M/YY
SCN 7415,2026-01-24,2026-01-24,SBM Purchases.xlsx,DD/MM/YYYY; numeric Excel dates normalized from displayed M/D/YY to intended D/M/YY
SCN 7418,2026-01-23,2026-01-23,SBM Purchases.xlsx,DD/MM/YYYY; numeric Excel dates normalized from displayed M/D/YY to intended D/M/YY
SCN 7419,2026-01-23,2026-01-23,SBM Purchases.xlsx,DD/MM/YYYY; numeric Excel dates normalized from displayed M/D/YY to intended D/M/YY
SCN 7416,2026-01-27,2026-01-27,SBM Purchases.xlsx,DD/MM/YYYY; numeric Excel dates normalized from displayed M/D/YY to intended D/M/YY
SCN 7417,2026-01-28,2026-01-28,SBM Purchases.xlsx,DD/MM/YYYY; numeric Excel dates normalized from displayed M/D/YY to intended D/M/YY
SCN 7421,2026-01-30,2026-01-30,SBM Purchases.xlsx,DD/MM/YYYY; numeric Excel dates normalized from displayed M/D/YY to intended D/M/YY
SCN 7420,2026-01-31,2026-01-31,SBM Purchases.xlsx,DD/MM/YYYY; numeric Excel dates normalized from displayed M/D/YY to intended D/M/YY
SCN 7539,2026-02-10,2026-02-10,SBM Purchases.xlsx,DD/MM/YYYY; numeric Excel dates normalized from displayed M/D/YY to intended D/M/YY
SCN 7540,2026-02-11,2026-02-11,SBM Purchases.xlsx,DD/MM/YYYY; numeric Excel dates normalized from displayed M/D/YY to intended D/M/YY
SCN 7542,2026-02-12,2026-02-12,SBM Purchases.xlsx,DD/MM/YYYY; numeric Excel dates normalized from displayed M/D/YY to intended D/M/YY
SCN 7543,2026-02-12,2026-02-12,SBM Purchases.xlsx,DD/MM/YYYY; numeric Excel dates normalized from displayed M/D/YY to intended D/M/YY
SCN 7544,2026-02-13,2026-02-13,SBM Purchases.xlsx,DD/MM/YYYY; numeric Excel dates normalized from displayed M/D/YY to intended D/M/YY
SCN 7545,2026-02-13,2026-02-13,SBM Purchases.xlsx,DD/MM/YYYY; numeric Excel dates normalized from displayed M/D/YY to intended D/M/YY
SCN 7630,2026-02-23,2026-02-23,SBM Purchases.xlsx,DD/MM/YYYY; numeric Excel dates normalized from displayed M/D/YY to intended D/M/YY
SCN 7631,2026-02-23,2026-02-23,SBM Purchases.xlsx,DD/MM/YYYY; numeric Excel dates normalized from displayed M/D/YY to intended D/M/YY
SCN 7632,2026-02-26,2026-02-26,SBM Purchases.xlsx,DD/MM/YYYY; numeric Excel dates normalized from displayed M/D/YY to intended D/M/YY
SCN 7628,2026-02-25,2026-02-25,SBM Purchases.xlsx,DD/MM/YYYY; numeric Excel dates normalized from displayed M/D/YY to intended D/M/YY
SCN 7626,2026-02-25,2026-02-25,SBM Purchases.xlsx,DD/MM/YYYY; numeric Excel dates normalized from displayed M/D/YY to intended D/M/YY
SCN 7624,2026-02-23,2026-02-23,SBM Purchases.xlsx,DD/MM/YYYY; numeric Excel dates normalized from displayed M/D/YY to intended D/M/YY
SCN 7674,2026-03-02,2026-03-02,SBM Purchases.xlsx,DD/MM/YYYY; numeric Excel dates normalized from displayed M/D/YY to intended D/M/YY
SCN 7675,2026-03-02,2026-03-02,SBM Purchases.xlsx,DD/MM/YYYY; numeric Excel dates normalized from displayed M/D/YY to intended D/M/YY
SCN 7676,2026-03-03,2026-03-03,SBM Purchases.xlsx,DD/MM/YYYY; numeric Excel dates normalized from displayed M/D/YY to intended D/M/YY
SCN 7677,2026-03-04,2026-03-04,SBM Purchases.xlsx,DD/MM/YYYY; numeric Excel dates normalized from displayed M/D/YY to intended D/M/YY
SCN 7678,2026-03-04,2026-03-04,SBM Purchases.xlsx,DD/MM/YYYY; numeric Excel dates normalized from displayed M/D/YY to intended D/M/YY
SCN 7679,2026-03-04,2026-03-04,SBM Purchases.xlsx,DD/MM/YYYY; numeric Excel dates normalized from displayed M/D/YY to intended D/M/YY
SCN 7858,2026-03-30,2026-03-30,SBM Purchases.xlsx,DD/MM/YYYY; numeric Excel dates normalized from displayed M/D/YY to intended D/M/YY
SCN 7859,2026-04-01,2026-04-01,SBM Purchases.xlsx,DD/MM/YYYY; numeric Excel dates normalized from displayed M/D/YY to intended D/M/YY
SCN 7860,2026-04-02,2026-04-02,SBM Purchases.xlsx,DD/MM/YYYY; numeric Excel dates normalized from displayed M/D/YY to intended D/M/YY
SCN 7861,2026-04-04,2026-04-04,SBM Purchases.xlsx,DD/MM/YYYY; numeric Excel dates normalized from displayed M/D/YY to intended D/M/YY
SCN 7892,2026-04-07,2026-04-07,SBM Purchases.xlsx,DD/MM/YYYY; numeric Excel dates normalized from displayed M/D/YY to intended D/M/YY
SCN 7893,2026-04-09,2026-04-09,SBM Purchases.xlsx,DD/MM/YYYY; numeric Excel dates normalized from displayed M/D/YY to intended D/M/YY
SCN 7890,2026-04-05,2026-04-05,SBM Purchases.xlsx,DD/MM/YYYY; numeric Excel dates normalized from displayed M/D/YY to intended D/M/YY
SCN 7891,2026-04-08,2026-04-08,SBM Purchases.xlsx,DD/MM/YYYY; numeric Excel dates normalized from displayed M/D/YY to intended D/M/YY
SCN 7908,2026-04-10,2026-04-10,SBM Purchases.xlsx,DD/MM/YYYY; numeric Excel dates normalized from displayed M/D/YY to intended D/M/YY
SCN 7909,2026-04-14,2026-04-14,SBM Purchases.xlsx,DD/MM/YYYY; numeric Excel dates normalized from displayed M/D/YY to intended D/M/YY
SCN 7910,2026-04-12,2026-04-12,SBM Purchases.xlsx,DD/MM/YYYY; numeric Excel dates normalized from displayed M/D/YY to intended D/M/YY
SCN 7911,2026-04-11,2026-04-11,SBM Purchases.xlsx,DD/MM/YYYY; numeric Excel dates normalized from displayed M/D/YY to intended D/M/YY
SCN 7946,2026-04-22,2026-04-22,SBM Purchases.xlsx,DD/MM/YYYY; numeric Excel dates normalized from displayed M/D/YY to intended D/M/YY
SCN 7945,2026-04-22,2026-04-22,SBM Purchases.xlsx,DD/MM/YYYY; numeric Excel dates normalized from displayed M/D/YY to intended D/M/YY
SCN 7947,2026-04-24,2026-04-24,SBM Purchases.xlsx,DD/MM/YYYY; numeric Excel dates normalized from displayed M/D/YY to intended D/M/YY
SCN 7944,2026-04-20,2026-04-20,SBM Purchases.xlsx,DD/MM/YYYY; numeric Excel dates normalized from displayed M/D/YY to intended D/M/YY
SCN 7942,2026-04-17,2026-04-17,SBM Purchases.xlsx,DD/MM/YYYY; numeric Excel dates normalized from displayed M/D/YY to intended D/M/YY
SCN 7943,2026-04-18,2026-04-18,SBM Purchases.xlsx,DD/MM/YYYY; numeric Excel dates normalized from displayed M/D/YY to intended D/M/YY
SCN 8042,2026-05-17,2026-05-17,SBM Purchases.xlsx,DD/MM/YYYY; numeric Excel dates normalized from displayed M/D/YY to intended D/M/YY
SCN 8041,2026-05-17,2026-05-17,SBM Purchases.xlsx,DD/MM/YYYY; numeric Excel dates normalized from displayed M/D/YY to intended D/M/YY
SCN 8040,2026-05-11,2026-05-11,SBM Purchases.xlsx,DD/MM/YYYY; numeric Excel dates normalized from displayed M/D/YY to intended D/M/YY
SCN 8039,2026-05-11,2026-05-11,SBM Purchases.xlsx,DD/MM/YYYY; numeric Excel dates normalized from displayed M/D/YY to intended D/M/YY
SCN 8087,2026-05-21,2026-05-21,SBM Purchases.xlsx,DD/MM/YYYY; numeric Excel dates normalized from displayed M/D/YY to intended D/M/YY
SCN 8088,2026-05-22,2026-05-22,SBM Purchases.xlsx,DD/MM/YYYY; numeric Excel dates normalized from displayed M/D/YY to intended D/M/YY
SCN 8089,2026-05-22,2026-05-22,SBM Purchases.xlsx,DD/MM/YYYY; numeric Excel dates normalized from displayed M/D/YY to intended D/M/YY
SCN 8120,2026-06-04,2026-06-04,SBM Purchases.xlsx,DD/MM/YYYY; numeric Excel dates normalized from displayed M/D/YY to intended D/M/YY
SCN 8119,2026-06-03,2026-06-03,SBM Purchases.xlsx,DD/MM/YYYY; numeric Excel dates normalized from displayed M/D/YY to intended D/M/YY
SCN 8122,2026-06-09,2026-06-09,SBM Purchases.xlsx,DD/MM/YYYY; numeric Excel dates normalized from displayed M/D/YY to intended D/M/YY
SCN 8121,2026-06-07,2026-06-07,SBM Purchases.xlsx,DD/MM/YYYY; numeric Excel dates normalized from displayed M/D/YY to intended D/M/YY
SCN 8195,2026-06-11,2026-06-11,SBM Purchases.xlsx,DD/MM/YYYY; numeric Excel dates normalized from displayed M/D/YY to intended D/M/YY
SCN 8196,2026-06-11,2026-06-11,SBM Purchases.xlsx,DD/MM/YYYY; numeric Excel dates normalized from displayed M/D/YY to intended D/M/YY
SCN 8235,2026-06-17,2026-06-17,SBM Purchases.xlsx,DD/MM/YYYY; numeric Excel dates normalized from displayed M/D/YY to intended D/M/YY
SCN 8236,2026-06-17,2026-06-17,SBM Purchases.xlsx,DD/MM/YYYY; numeric Excel dates normalized from displayed M/D/YY to intended D/M/YY
SCN 8266,2026-06-24,2026-06-24,SBM Purchases.xlsx,DD/MM/YYYY; numeric Excel dates normalized from displayed M/D/YY to intended D/M/YY
SCN 8267,2026-06-24,2026-06-24,SBM Purchases.xlsx,DD/MM/YYYY; numeric Excel dates normalized from displayed M/D/YY to intended D/M/YY
SCN 8286,2026-06-28,2026-06-28,SBM Purchases.xlsx,DD/MM/YYYY; numeric Excel dates normalized from displayed M/D/YY to intended D/M/YY
SCN 8287,2026-06-29,2026-06-29,SBM Purchases.xlsx,DD/MM/YYYY; numeric Excel dates normalized from displayed M/D/YY to intended D/M/YY
SCN 8329,2026-07-04,2026-07-04,SBM Purchases.xlsx,DD/MM/YYYY; numeric Excel dates normalized from displayed M/D/YY to intended D/M/YY
SCN 8330,2026-07-05,2026-07-05,SBM Purchases.xlsx,DD/MM/YYYY; numeric Excel dates normalized from displayed M/D/YY to intended D/M/YY
SCN 8356,2026-07-07,2026-07-07,SBM Purchases.xlsx,DD/MM/YYYY; numeric Excel dates normalized from displayed M/D/YY to intended D/M/YY
SCN 8357,2026-07-07,2026-07-07,SBM Purchases.xlsx,DD/MM/YYYY; numeric Excel dates normalized from displayed M/D/YY to intended D/M/YY
SCN 8390,2026-07-13,2026-07-13,SBM Purchases.xlsx,DD/MM/YYYY; numeric Excel dates normalized from displayed M/D/YY to intended D/M/YY
SCN 8391,2026-07-13,2026-07-13,SBM Purchases.xlsx,DD/MM/YYYY; numeric Excel dates normalized from displayed M/D/YY to intended D/M/YY
SCN 8392,2026-07-13,2026-07-13,SBM Purchases.xlsx,DD/MM/YYYY; numeric Excel dates normalized from displayed M/D/YY to intended D/M/YY
